2025-05-27T06:41:15.808926,SPY,585.0,584.0,0.36549999999999994,1.0,submitted
2025-05-27T06:41:19.643344,QQQ,515.0,514.0,0.3900000000000001,1.0,submitted
2025-05-27T06:41:23.237946,IWM,205.0,204.0,0.49,1.0,submitted
2025-05-27T06:43:28.770430,SPY,585.0,584.0,0.3700000000000001,1.0,submitted
2025-05-27T06:43:32.423438,QQQ,515.0,514.0,0.385,1.0,submitted
2025-05-27T06:45:41.572593,SPY,585.0,584.0,0.30999999999999983,1.0,submitted
2025-05-27T06:45:45.330626,QQQ,515.0,514.0,0.3350000000000001,1.0,submitted
2025-05-27T06:45:48.830207,IWM,205.0,204.0,0.4555,1.0,submitted
2025-05-27T06:47:54.548544,SPY,585.0,584.0,0.35,1.0,submitted
2025-05-27T06:47:58.452330,QQQ,516.0,515.0,0.42999999999999994,1.0,submitted
2025-05-27T06:48:01.826705,IWM,204.0,203.0,0.30499999999999994,1.0,submitted
2025-05-27T06:50:07.569763,SPY,585.0,584.0,0.35,1.0,submitted
2025-05-27T06:50:11.303157,QQQ,516.0,515.0,0.39549999999999974,1.0,submitted
2025-05-27T06:50:14.798054,IWM,204.0,203.0,0.28,1.0,submitted
2025-05-27T06:52:20.504985,SPY,586.0,585.0,0.41049999999999986,1.0,submitted
2025-05-27T06:52:24.725044,QQQ,516.0,515.0,0.30999999999999994,1.0,submitted
2025-05-27T06:52:28.181280,IWM,205.0,204.0,0.46950000000000003,1.0,submitted
2025-05-27T06:54:33.649661,SPY,585.0,584.0,0.35,1.0,submitted
2025-05-27T06:54:37.455019,QQQ,516.0,515.0,0.4049999999999998,1.0,submitted
2025-05-27T06:54:40.868527,IWM,205.0,204.0,0.42950000000000005,1.0,submitted
2025-05-27T06:56:46.744391,SPY,586.0,585.0,0.33999999999999997,1.0,submitted
2025-05-27T06:56:50.521179,QQQ,516.0,515.0,0.375,1.0,submitted
2025-05-27T06:56:53.973396,IWM,205.0,204.0,0.36499999999999994,1.0,submitted
2025-05-27T06:58:59.785632,SPY,586.0,585.0,0.3500000000000001,1.0,submitted
2025-05-27T06:59:03.625822,QQQ,517.0,516.0,0.43999999999999984,1.0,submitted
2025-05-27T06:59:07.049922,IWM,205.0,204.0,0.37499999999999994,1.0,submitted
2025-05-27T07:01:13.693662,SPY,586.0,585.0,0.31000000000000005,1.0,submitted
2025-05-27T07:01:17.651499,QQQ,517.0,516.0,0.32500000000000007,1.0,submitted
2025-05-27T07:01:21.240578,IWM,205.0,204.0,0.355,1.0,submitted
2025-05-27T07:03:27.153422,SPY,586.0,585.0,0.3094999999999999,1.0,submitted
2025-05-27T07:03:31.165069,QQQ,518.0,517.0,0.36050000000000004,1.0,submitted
2025-05-27T07:03:34.704927,IWM,205.0,204.0,0.31950000000000006,1.0,submitted
2025-05-27T07:05:40.650477,SPY,587.0,586.0,0.4155,1.0,submitted
2025-05-27T07:05:44.614401,QQQ,518.0,517.0,0.4005000000000001,1.0,submitted
2025-05-27T07:05:48.296566,IWM,205.0,204.0,0.3400000000000001,1.0,submitted
2025-05-27T07:07:54.437498,SPY,587.0,586.0,0.40049999999999986,1.0,submitted
2025-05-27T07:07:58.355048,QQQ,518.0,517.0,0.39,1.0,submitted
2025-05-27T07:08:01.795534,IWM,205.0,204.0,0.285,1.0,submitted
2025-05-27T07:10:07.857052,SPY,587.0,586.0,0.36050000000000004,1.0,submitted
2025-05-27T07:10:11.794779,QQQ,518.0,517.0,0.3650000000000001,1.0,submitted
2025-05-27T07:10:15.469397,IWM,205.0,204.0,0.2445,1.0,submitted
2025-05-27T07:12:21.978231,SPY,587.0,586.0,0.3700000000000001,1.0,submitted
2025-05-27T07:12:25.955394,QQQ,518.0,517.0,0.39500000000000013,1.0,submitted
2025-05-27T07:14:35.608035,SPY,587.0,586.0,0.38,1.0,submitted
2025-05-27T07:14:39.581635,QQQ,518.0,517.0,0.365,1.0,submitted
2025-05-27T07:16:49.204058,SPY,587.0,586.0,0.4,1.0,submitted
2025-05-27T07:16:53.226979,QQQ,518.0,517.0,0.3850000000000001,1.0,submitted
2025-05-27T07:19:03.044415,SPY,587.0,586.0,0.3194999999999999,1.0,submitted
2025-05-27T07:19:07.034175,QQQ,519.0,518.0,0.3699999999999999,1.0,submitted
2025-05-27T07:21:17.114413,SPY,588.0,587.0,0.3999999999999999,1.0,submitted
2025-05-27T07:21:21.194725,QQQ,519.0,518.0,0.3899999999999999,1.0,submitted
2025-05-27T07:21:24.759533,IWM,206.0,205.0,0.36500000000000005,1.0,submitted
2025-05-27T07:23:31.264352,SPY,588.0,587.0,0.3699999999999998,1.0,submitted
2025-05-27T07:23:35.467420,QQQ,519.0,518.0,0.405,1.0,submitted
2025-05-27T07:23:39.105374,IWM,206.0,205.0,0.29,1.0,submitted
2025-05-27T07:25:45.846415,SPY,588.0,587.0,0.37050000000000005,1.0,submitted
2025-05-27T07:25:49.919414,QQQ,519.0,518.0,0.4255000000000002,1.0,submitted
2025-05-27T07:25:53.411272,IWM,206.0,205.0,0.2795,1.0,submitted
2025-05-27T07:27:59.933008,SPY,588.0,587.0,0.4099999999999998,1.0,submitted
2025-05-27T07:28:03.980390,QQQ,519.0,518.0,0.3750000000000001,1.0,submitted
2025-05-27T07:30:14.132108,SPY,588.0,587.0,0.4099999999999998,1.0,submitted
2025-05-27T07:30:18.130152,QQQ,519.0,518.0,0.45499999999999996,1.0,submitted
2025-05-27T07:32:28.285520,SPY,588.0,587.0,0.35,1.0,submitted
2025-05-27T07:32:32.282555,QQQ,519.0,518.0,0.3800000000000001,1.0,submitted
2025-05-27T07:32:35.850371,IWM,206.0,205.0,0.3,1.0,submitted
2025-05-27T07:34:42.132807,SPY,588.0,587.0,0.32999999999999996,1.0,submitted
2025-05-27T07:34:46.136693,QQQ,519.0,518.0,0.3600000000000002,1.0,submitted
2025-05-27T07:34:49.707654,IWM,206.0,205.0,0.25,1.0,submitted
2025-05-27T07:36:56.632554,SPY,588.0,587.0,0.3899999999999999,1.0,submitted
2025-05-27T07:37:00.594736,QQQ,518.0,517.0,0.26,1.0,submitted
2025-05-27T07:37:04.226280,IWM,206.0,205.0,0.235,1.0,submitted
2025-05-27T07:39:10.739483,SPY,588.0,587.0,0.45000000000000007,1.0,submitted
2025-05-27T07:39:14.723388,QQQ,519.0,518.0,0.36,1.0,submitted
2025-05-27T07:39:18.710991,IWM,206.0,205.0,0.30999999999999994,1.0,submitted
2025-05-27T07:41:25.263003,SPY,588.0,587.0,0.34999999999999987,1.0,submitted
2025-05-27T07:41:29.260572,QQQ,519.0,518.0,0.3599999999999999,1.0,submitted
2025-05-27T07:41:32.784127,IWM,206.0,205.0,0.28450000000000003,1.0,submitted
2025-05-27T07:43:39.373474,SPY,588.0,587.0,0.3899999999999999,1.0,submitted
2025-05-27T07:43:43.401419,QQQ,519.0,518.0,0.3799999999999999,1.0,submitted
2025-05-27T07:43:46.909733,IWM,206.0,205.0,0.29,1.0,submitted
2025-05-27T07:45:53.153687,SPY,588.0,587.0,0.36949999999999994,1.0,submitted
2025-05-27T07:45:57.015116,QQQ,519.0,518.0,0.38,1.0,submitted
2025-05-27T07:48:16.153853,SPY,588.0,587.0,0.33999999999999997,1.0,submitted
2025-05-27T07:48:20.196033,QQQ,519.0,518.0,0.3799999999999999,1.0,submitted
2025-05-27T07:50:30.720130,SPY,588.0,587.0,0.32000000000000006,1.0,submitted
2025-05-27T07:50:34.814743,QQQ,519.0,518.0,0.3799999999999998,1.0,submitted
2025-05-27T07:52:44.955502,SPY,588.0,587.0,0.3400000000000001,1.0,submitted
2025-05-27T07:52:48.994046,QQQ,519.0,518.0,0.3550000000000002,1.0,submitted
2025-05-27T07:54:59.460089,SPY,588.0,587.0,0.3295000000000001,1.0,submitted
2025-05-27T07:55:03.697847,QQQ,519.0,518.0,0.43000000000000005,1.0,submitted
2025-05-27T07:57:13.800754,SPY,588.0,587.0,0.37,1.0,submitted
2025-05-27T07:57:17.843712,QQQ,519.0,518.0,0.395,1.0,submitted
2025-05-27T07:59:28.079204,SPY,588.0,587.0,0.3500000000000001,1.0,submitted
2025-05-27T07:59:32.161569,QQQ,518.0,517.0,0.275,1.0,submitted
2025-05-27T08:01:42.789510,SPY,588.0,587.0,0.31000000000000005,1.0,submitted
2025-05-27T08:01:46.891325,QQQ,519.0,518.0,0.39549999999999996,1.0,submitted
2025-05-27T08:03:57.264690,SPY,588.0,587.0,0.36,1.0,submitted
2025-05-27T08:04:01.717161,QQQ,519.0,518.0,0.4049999999999998,1.0,submitted
2025-05-27T08:06:12.249017,SPY,588.0,587.0,0.3799999999999999,1.0,submitted
2025-05-27T08:06:16.119399,QQQ,518.0,517.0,0.30000000000000004,1.0,submitted
2025-05-27T08:08:26.250248,SPY,588.0,587.0,0.3699999999999999,1.0,submitted
2025-05-27T08:08:30.706452,QQQ,519.0,518.0,0.3649999999999999,1.0,submitted
2025-05-27T08:10:40.666081,SPY,588.0,587.0,0.32000000000000006,1.0,submitted
2025-05-27T08:10:45.119104,QQQ,519.0,518.0,0.4,1.0,submitted
2025-05-27T08:12:55.319607,SPY,588.0,587.0,0.33000000000000007,1.0,submitted
2025-05-27T08:12:59.424673,QQQ,519.0,518.0,0.3350000000000001,1.0,submitted
2025-05-27T08:15:09.410984,SPY,588.0,587.0,0.3195,1.0,submitted
2025-05-27T08:15:13.356876,QQQ,519.0,518.0,0.3500000000000001,1.0,submitted
2025-05-27T08:15:16.812457,IWM,207.0,206.0,0.4355,1.0,submitted
2025-05-27T12:33:18.039609,SPY,590.0,589.0,0.259,1.0,submission_failed
2025-05-27T12:33:22.174435,QQQ,520.0,519.0,0.3504999999999999,1.0,submission_failed
2025-05-27T12:37:50.143912,QQQ,520.0,519.0,0.3145,1.0,submission_failed
2025-05-28T06:30:11.573754,SPY,591.0,590.0,0.3500000000000001,1.0,submitted
2025-05-28T06:30:16.343454,QQQ,521.0,520.0,0.3599999999999999,1.0,submitted
2025-05-28T06:30:20.842273,IWM,208.0,207.0,0.41500000000000004,1.0,submitted
2025-05-28T06:32:26.921713,SPY,591.0,590.0,0.405,1.0,submitted
2025-05-28T06:32:31.268358,QQQ,521.0,520.0,0.3599999999999999,1.0,submitted
2025-05-28T06:32:35.109631,IWM,208.0,207.0,0.4205,1.0,submitted
2025-05-28T06:34:41.445331,SPY,591.0,590.0,0.4049999999999998,1.0,submitted
2025-05-28T06:34:46.019051,QQQ,522.0,521.0,0.41999999999999993,1.0,submitted
2025-05-28T06:34:49.994359,IWM,208.0,207.0,0.4355,1.0,submitted
2025-05-28T06:36:55.982058,SPY,591.0,590.0,0.3099999999999996,1.0,submitted
2025-05-28T06:37:00.615293,QQQ,522.0,521.0,0.42000000000000015,1.0,submitted
2025-05-28T06:39:13.542033,SPY,592.0,591.0,0.4500000000000002,1.0,submitted
2025-05-28T06:39:17.860874,QQQ,522.0,521.0,0.3594999999999997,1.0,submitted
2025-05-28T06:41:27.701209,SPY,592.0,591.0,0.3999999999999999,1.0,submitted
2025-05-28T06:41:31.943078,QQQ,522.0,521.0,0.345,1.0,submitted
2025-05-28T06:41:35.926459,IWM,207.0,206.0,0.2649999999999999,1.0,submitted
2025-05-28T06:43:42.988757,SPY,592.0,591.0,0.39449999999999985,1.0,submitted
2025-05-28T06:43:47.376977,QQQ,522.0,521.0,0.3799999999999999,1.0,submitted
2025-05-28T06:43:51.356632,IWM,207.0,206.0,0.295,1.0,submitted
2025-05-28T06:45:57.679911,SPY,591.0,590.0,0.36999999999999966,1.0,submitted
2025-05-28T06:46:02.258909,QQQ,522.0,521.0,0.3550000000000002,1.0,submitted
2025-05-28T06:46:06.311904,IWM,207.0,206.0,0.275,1.0,submitted
2025-05-28T06:48:12.457798,SPY,591.0,590.0,0.41000000000000014,1.0,submitted
2025-05-28T06:48:17.128820,QQQ,521.0,520.0,0.3599999999999999,1.0,submitted
2025-05-28T06:48:21.500873,IWM,207.0,206.0,0.31550000000000006,1.0,submitted
2025-05-28T06:50:27.688706,SPY,590.0,589.0,0.3599999999999999,1.0,submitted
2025-05-28T06:50:32.272908,QQQ,521.0,520.0,0.3895000000000002,1.0,submitted
2025-05-28T06:50:36.392096,IWM,207.0,206.0,0.35,1.0,submitted
2025-05-28T06:52:42.592406,SPY,591.0,590.0,0.3544999999999998,1.0,submitted
2025-05-28T06:52:47.247018,QQQ,521.0,520.0,0.355,1.0,submitted
2025-05-28T06:52:51.498871,IWM,207.0,206.0,0.34500000000000003,1.0,submitted
2025-05-28T06:54:57.746155,SPY,590.0,589.0,0.31999999999999984,1.0,submitted
2025-05-28T06:55:02.360584,QQQ,521.0,520.0,0.3599999999999999,1.0,submitted
2025-05-28T06:55:06.237648,IWM,207.0,206.0,0.33999999999999997,1.0,submitted
2025-05-28T06:57:12.741891,SPY,590.0,589.0,0.31999999999999984,1.0,submitted
2025-05-28T06:57:17.341033,QQQ,521.0,520.0,0.3245,1.0,submitted
2025-05-28T06:57:21.431799,IWM,207.0,206.0,0.375,1.0,submitted
2025-05-28T06:59:27.508032,SPY,590.0,589.0,0.3699999999999999,1.0,submitted
2025-05-28T06:59:32.130984,QQQ,521.0,520.0,0.44999999999999996,1.0,submitted
2025-05-28T06:59:36.052247,IWM,207.0,206.0,0.4545,1.0,submitted
2025-05-28T07:01:42.234648,SPY,590.0,589.0,0.3999999999999999,1.0,submitted
2025-05-28T07:01:46.564642,QQQ,521.0,520.0,0.36450000000000005,1.0,submitted
2025-05-28T07:01:53.778348,IWM,207.0,206.0,0.4595,1.0,submitted
2025-05-28T07:03:59.962959,SPY,590.0,589.0,0.3999999999999999,1.0,submitted
2025-05-28T07:04:04.228362,QQQ,521.0,520.0,0.41500000000000004,1.0,submitted
2025-05-28T07:04:08.104498,IWM,207.0,206.0,0.4405,1.0,submitted
2025-05-28T07:06:14.577526,SPY,590.0,589.0,0.3500000000000001,1.0,submitted
2025-05-28T07:06:19.192174,QQQ,521.0,520.0,0.4295,1.0,submitted
2025-05-28T07:06:23.034330,IWM,207.0,206.0,0.41000000000000003,1.0,submitted
2025-05-28T07:08:29.132742,SPY,590.0,589.0,0.3400000000000003,1.0,submitted
2025-05-28T07:08:33.537222,QQQ,521.0,520.0,0.3999999999999999,1.0,submitted
2025-05-28T07:08:37.366196,IWM,207.0,206.0,0.41500000000000004,1.0,submitted
2025-05-28T07:10:43.877787,SPY,590.0,589.0,0.40000000000000036,1.0,submitted
2025-05-28T07:10:48.209615,QQQ,520.0,519.0,0.3450000000000002,1.0,submitted
2025-05-28T07:12:58.845934,SPY,590.0,589.0,0.4395000000000002,1.0,submitted
2025-05-28T07:13:03.456273,QQQ,520.0,519.0,0.33999999999999986,1.0,submitted
2025-05-28T07:15:13.963912,SPY,590.0,589.0,0.3999999999999999,1.0,submitted
2025-05-28T07:15:18.386816,QQQ,521.0,520.0,0.4495,1.0,submitted
2025-05-28T07:17:28.430183,SPY,590.0,589.0,0.3900000000000001,1.0,submitted
2025-05-28T07:17:32.805478,QQQ,520.0,519.0,0.3500000000000001,1.0,submitted
2025-05-28T07:17:37.139677,IWM,206.0,205.0,0.26049999999999995,1.0,submitted
2025-05-28T07:19:43.577204,SPY,590.0,589.0,0.41500000000000004,1.0,submitted
2025-05-28T07:19:48.086527,QQQ,520.0,519.0,0.3250000000000002,1.0,submitted
2025-05-28T07:21:58.044871,SPY,589.0,588.0,0.3205,1.0,submitted
2025-05-28T07:22:02.444687,QQQ,520.0,519.0,0.385,1.0,submitted
2025-05-28T07:22:06.330494,IWM,206.0,205.0,0.29999999999999993,1.0,submitted
2025-05-28T07:33:00.741763,SPY,590.0,589.0,0.43999999999999995,1.0,submitted
2025-05-28T07:33:05.028480,QQQ,520.0,519.0,0.3750000000000002,1.0,submitted
2025-05-28T07:35:15.343390,SPY,590.0,589.0,0.4099999999999997,1.0,submitted
2025-05-28T07:35:19.659184,QQQ,520.0,519.0,0.385,1.0,submitted
2025-05-28T07:37:30.322051,SPY,589.0,588.0,0.3699999999999999,1.0,submitted
2025-05-28T07:37:35.264509,QQQ,520.0,519.0,0.4295,1.0,submitted
2025-05-28T07:37:39.947887,IWM,206.0,205.0,0.27,1.0,submitted
2025-05-28T07:39:46.748420,SPY,589.0,588.0,0.32499999999999973,1.0,submitted
2025-05-28T07:39:51.149474,QQQ,520.0,519.0,0.3900000000000001,1.0,submitted
2025-05-28T07:39:55.306043,IWM,206.0,205.0,0.265,1.0,submitted
2025-05-28T07:42:02.562951,SPY,590.0,589.0,0.41000000000000014,1.0,submitted
2025-05-28T07:42:07.211945,QQQ,520.0,519.0,0.3849999999999998,1.0,submitted
2025-05-28T07:42:11.431412,IWM,206.0,205.0,0.25,1.0,submitted
2025-05-28T07:44:17.761443,SPY,589.0,588.0,0.3400000000000003,1.0,submitted
2025-05-28T07:44:22.313712,QQQ,520.0,519.0,0.345,1.0,submitted
2025-05-28T07:44:26.019928,IWM,206.0,205.0,0.26999999999999996,1.0,submitted
2025-05-28T07:46:31.722601,SPY,589.0,588.0,0.355,1.0,submitted
2025-05-28T07:46:35.973461,QQQ,520.0,519.0,0.4099999999999997,1.0,submitted
2025-05-28T07:46:39.750454,IWM,206.0,205.0,0.30500000000000005,1.0,submitted
2025-05-28T07:48:45.596140,SPY,589.0,588.0,0.36,1.0,submitted
2025-05-28T07:48:49.739651,QQQ,520.0,519.0,0.41000000000000014,1.0,submitted
2025-05-28T07:48:53.329480,IWM,206.0,205.0,0.32000000000000006,1.0,submitted
2025-05-28T07:50:58.831381,SPY,589.0,588.0,0.4099999999999997,1.0,submitted
2025-05-28T07:51:03.363680,QQQ,520.0,519.0,0.3900000000000001,1.0,submitted
2025-05-28T07:51:07.106028,IWM,206.0,205.0,0.33050000000000007,1.0,submitted
2025-05-28T07:53:13.085039,SPY,589.0,588.0,0.4305000000000001,1.0,submitted
2025-05-28T07:53:17.385423,QQQ,520.0,519.0,0.375,1.0,submitted
2025-05-28T07:53:21.311888,IWM,206.0,205.0,0.33000000000000007,1.0,submitted
2025-05-28T07:55:27.391138,SPY,589.0,588.0,0.3999999999999999,1.0,submitted
2025-05-28T07:55:31.679524,QQQ,520.0,519.0,0.3899999999999999,1.0,submitted
2025-05-28T07:55:35.357209,IWM,206.0,205.0,0.27999999999999997,1.0,submitted
2025-05-28T07:57:41.103825,SPY,589.0,588.0,0.4299999999999997,1.0,submitted
2025-05-28T07:57:45.349561,QQQ,520.0,519.0,0.4344999999999999,1.0,submitted
2025-05-28T07:57:49.027824,IWM,206.0,205.0,0.33000000000000007,1.0,submitted
2025-05-28T07:59:54.784422,SPY,589.0,588.0,0.3899999999999997,1.0,submitted
2025-05-28T07:59:58.964172,QQQ,520.0,519.0,0.4149999999999998,1.0,submitted
2025-05-28T08:00:08.834833,IWM,206.0,205.0,0.3055,1.0,submitted
2025-05-28T08:02:19.227563,SPY,589.0,588.0,0.3750000000000001,1.0,submitted
2025-05-28T08:02:24.307467,QQQ,520.0,519.0,0.3799999999999999,1.0,submitted
2025-05-28T08:04:35.013371,SPY,589.0,588.0,0.3800000000000001,1.0,submitted
2025-05-28T08:04:40.040257,QQQ,520.0,519.0,0.3604999999999998,1.0,submitted
2025-05-28T08:06:49.743275,SPY,589.0,588.0,0.3405,1.0,submitted
2025-05-28T08:06:54.166862,QQQ,520.0,519.0,0.3799999999999999,1.0,submitted
2025-05-28T08:09:04.202522,SPY,589.0,588.0,0.3999999999999999,1.0,submitted
2025-05-28T08:09:08.619529,QQQ,520.0,519.0,0.375,1.0,submitted
2025-05-28T08:09:12.418595,IWM,206.0,205.0,0.29500000000000004,1.0,submitted
2025-05-28T08:11:18.006970,SPY,589.0,588.0,0.41999999999999993,1.0,submitted
2025-05-28T08:11:22.375734,QQQ,520.0,519.0,0.3900000000000001,1.0,submitted
2025-05-28T08:11:26.041004,IWM,206.0,205.0,0.31999999999999995,1.0,submitted
2025-05-28T08:13:31.875781,SPY,589.0,588.0,0.3599999999999999,1.0,submitted
2025-05-28T08:13:36.182312,QQQ,520.0,519.0,0.3949999999999998,1.0,submitted
2025-05-28T08:13:40.182963,IWM,206.0,205.0,0.3005,1.0,submitted
2025-05-28T08:15:45.995785,SPY,589.0,588.0,0.41999999999999993,1.0,submitted
2025-05-28T08:15:50.230591,QQQ,520.0,519.0,0.385,1.0,submitted
2025-05-28T08:15:54.072948,IWM,206.0,205.0,0.27999999999999997,1.0,submitted
2025-05-28T08:18:00.082201,SPY,589.0,588.0,0.41999999999999993,1.0,submitted
2025-05-28T08:18:04.678330,QQQ,520.0,519.0,0.41999999999999993,1.0,submitted
2025-05-28T08:18:08.438066,IWM,206.0,205.0,0.32999999999999996,1.0,submitted
2025-05-28T08:20:14.124709,SPY,589.0,588.0,0.42000000000000026,1.0,submitted
2025-05-28T08:20:18.764906,QQQ,520.0,519.0,0.36050000000000004,1.0,submitted
2025-05-28T08:20:22.481508,IWM,206.0,205.0,0.26999999999999996,1.0,submitted
2025-05-28T08:22:28.748200,SPY,589.0,588.0,0.3600000000000001,1.0,submitted
2025-05-28T08:22:33.036721,QQQ,521.0,520.0,0.4295,1.0,submitted
2025-05-28T08:24:42.416205,SPY,589.0,588.0,0.33050000000000024,1.0,submitted
2025-05-28T08:24:46.729187,QQQ,521.0,520.0,0.46950000000000003,1.0,submitted
2025-05-28T08:24:51.227852,IWM,206.0,205.0,0.2795,1.0,submitted
2025-05-28T08:26:56.906073,SPY,589.0,588.0,0.36999999999999966,1.0,submitted
2025-05-28T08:27:01.072910,QQQ,520.0,519.0,0.36549999999999994,1.0,submitted
2025-05-28T08:27:04.785448,IWM,206.0,205.0,0.30999999999999994,1.0,submitted
2025-05-28T08:29:10.414931,SPY,589.0,588.0,0.3599999999999999,1.0,submitted
2025-05-28T08:29:14.551176,QQQ,520.0,519.0,0.3949999999999998,1.0,submitted
2025-05-28T08:29:18.399641,IWM,206.0,205.0,0.32500000000000007,1.0,submitted
2025-05-28T08:31:24.375705,SPY,589.0,588.0,0.395,1.0,submitted
2025-05-28T08:31:28.640357,QQQ,520.0,519.0,0.36549999999999994,1.0,submitted
2025-05-28T08:31:44.813325,IWM,206.0,205.0,0.37,1.0,submitted
2025-05-28T08:33:53.659984,SPY,589.0,588.0,0.3999999999999999,1.0,submitted
2025-05-28T08:33:57.842307,QQQ,520.0,519.0,0.36499999999999977,1.0,submitted
2025-05-28T08:34:01.552554,IWM,206.0,205.0,0.33499999999999996,1.0,submitted
2025-05-28T08:36:08.620218,SPY,589.0,588.0,0.45999999999999996,1.0,submitted
2025-05-28T08:36:13.629389,QQQ,520.0,519.0,0.3799999999999999,1.0,submitted
2025-05-28T08:36:17.707237,IWM,206.0,205.0,0.375,1.0,submitted
2025-05-28T08:38:23.507648,SPY,589.0,588.0,0.41000000000000014,1.0,submitted
2025-05-28T08:38:28.119892,QQQ,520.0,519.0,0.42500000000000004,1.0,submitted
2025-05-28T08:38:31.998997,IWM,206.0,205.0,0.355,1.0,submitted
2025-05-28T08:40:38.191131,SPY,589.0,588.0,0.3799999999999999,1.0,submitted
2025-05-28T08:40:42.779841,QQQ,520.0,519.0,0.375,1.0,submitted
2025-05-28T08:40:46.622338,IWM,206.0,205.0,0.3350000000000001,1.0,submitted
2025-05-28T08:42:52.362377,SPY,589.0,588.0,0.41500000000000004,1.0,submitted
2025-05-28T08:42:57.605292,QQQ,520.0,519.0,0.3699999999999999,1.0,submitted
2025-05-28T08:43:01.500047,IWM,206.0,205.0,0.345,1.0,submitted
2025-05-28T08:45:07.285473,SPY,589.0,588.0,0.45999999999999996,1.0,submitted
2025-05-28T08:45:11.512388,QQQ,520.0,519.0,0.3749999999999998,1.0,submitted
2025-05-28T08:45:15.489953,IWM,206.0,205.0,0.385,1.0,submitted
2025-05-28T08:47:21.436104,SPY,589.0,588.0,0.3799999999999999,1.0,submitted
2025-05-28T08:47:26.032968,QQQ,520.0,519.0,0.375,1.0,submitted
2025-05-28T08:47:29.998443,IWM,206.0,205.0,0.33999999999999997,1.0,submitted
2025-05-28T08:49:35.786571,SPY,589.0,588.0,0.3899999999999997,1.0,submitted
2025-05-28T08:49:40.116253,QQQ,520.0,519.0,0.3949999999999998,1.0,submitted
2025-05-28T08:49:44.150139,IWM,206.0,205.0,0.32500000000000007,1.0,submitted
2025-05-28T08:51:56.018515,SPY,589.0,588.0,0.3999999999999999,1.0,submitted
2025-05-28T08:52:22.083219,QQQ,520.0,519.0,0.355,1.0,submitted
2025-05-28T08:52:32.149403,IWM,206.0,205.0,0.36550000000000005,1.0,submitted
2025-05-28T08:54:38.084218,SPY,589.0,588.0,0.3810000000000002,1.0,submitted
2025-05-28T08:54:42.288679,QQQ,520.0,519.0,0.37050000000000005,1.0,submitted
2025-05-28T08:54:46.021029,IWM,206.0,205.0,0.3,1.0,submitted
2025-05-28T08:56:52.166852,SPY,589.0,588.0,0.34499999999999975,1.0,submitted
2025-05-28T08:57:01.468476,QQQ,520.0,519.0,0.4049999999999998,1.0,submitted
2025-05-28T08:57:05.214055,IWM,206.0,205.0,0.34049999999999997,1.0,submitted
2025-05-28T08:59:11.389643,SPY,589.0,588.0,0.41999999999999993,1.0,submitted
2025-05-28T08:59:15.635929,QQQ,520.0,519.0,0.42999999999999994,1.0,submitted
2025-05-28T08:59:20.076919,IWM,206.0,205.0,0.4305,1.0,submitted
2025-05-28T09:01:26.046047,SPY,589.0,588.0,0.41000000000000014,1.0,submitted
2025-05-28T09:01:30.288257,QQQ,520.0,519.0,0.375,1.0,submitted
2025-05-28T09:01:34.048098,IWM,206.0,205.0,0.3400000000000001,1.0,submitted
2025-05-28T09:03:39.941154,SPY,589.0,588.0,0.41100000000000003,1.0,submitted
2025-05-28T09:03:44.305586,QQQ,520.0,519.0,0.36550000000000016,1.0,submitted
2025-05-28T09:03:48.421736,IWM,206.0,205.0,0.33,1.0,submitted
2025-05-28T09:05:54.531630,SPY,589.0,588.0,0.35050000000000003,1.0,submitted
2025-05-28T09:05:59.079622,QQQ,521.0,520.0,0.41999999999999993,1.0,submitted
2025-05-28T09:06:02.851837,IWM,206.0,205.0,0.34,1.0,submitted
2025-05-28T09:08:08.750745,SPY,589.0,588.0,0.3800000000000001,1.0,submitted
2025-05-28T09:08:13.128672,QQQ,521.0,520.0,0.4299999999999997,1.0,submitted
2025-05-28T09:08:16.970801,IWM,206.0,205.0,0.2995,1.0,submitted
2025-05-28T09:10:22.752901,SPY,589.0,588.0,0.3104999999999998,1.0,submitted
2025-05-28T09:10:27.012236,QQQ,521.0,520.0,0.41000000000000014,1.0,submitted
2025-05-28T09:12:36.781633,SPY,589.0,588.0,0.32999999999999985,1.0,submitted
2025-05-28T09:12:44.532244,QQQ,521.0,520.0,0.42500000000000004,1.0,submitted
2025-05-28T09:12:54.612353,IWM,206.0,205.0,0.32999999999999996,1.0,submitted
2025-05-28T09:15:00.365586,SPY,589.0,588.0,0.3799999999999999,1.0,submitted
2025-05-28T09:15:04.774509,QQQ,521.0,520.0,0.4244999999999999,1.0,submitted
2025-05-28T09:15:08.851633,IWM,206.0,205.0,0.3,1.0,submitted
2025-05-28T09:17:14.556209,SPY,589.0,588.0,0.35999999999999976,1.0,submitted
2025-05-28T09:17:18.994139,QQQ,521.0,520.0,0.41500000000000004,1.0,submitted
2025-05-28T09:19:28.516473,SPY,589.0,588.0,0.35999999999999976,1.0,submitted
2025-05-28T09:19:32.780614,QQQ,521.0,520.0,0.395,1.0,submitted
2025-05-28T09:19:36.563456,IWM,206.0,205.0,0.35949999999999993,1.0,submitted
2025-05-28T09:21:42.772056,SPY,589.0,588.0,0.41000000000000014,1.0,submitted
2025-05-28T09:21:47.296521,QQQ,521.0,520.0,0.405,1.0,submitted
2025-05-28T09:21:51.084550,IWM,206.0,205.0,0.38,1.0,submitted
2025-05-28T09:23:56.747082,SPY,589.0,588.0,0.3305,1.0,submitted
2025-05-28T09:24:00.938706,QQQ,521.0,520.0,0.4650000000000001,1.0,submitted
2025-05-28T09:24:07.716938,IWM,206.0,205.0,0.38449999999999995,1.0,submitted
2025-05-28T09:26:13.449392,SPY,589.0,588.0,0.37,1.0,submitted
2025-05-28T09:26:17.745471,QQQ,521.0,520.0,0.4600000000000002,1.0,submitted
2025-05-28T09:26:21.816338,IWM,206.0,205.0,0.29450000000000004,1.0,submitted
2025-05-28T09:28:27.842187,SPY,589.0,588.0,0.35,1.0,submitted
2025-05-28T09:28:32.090798,QQQ,521.0,520.0,0.44000000000000017,1.0,submitted
2025-05-28T09:28:35.840600,IWM,206.0,205.0,0.3195,1.0,submitted
2025-05-28T09:30:41.686777,SPY,589.0,588.0,0.37,1.0,submitted
2025-05-28T09:30:46.337052,QQQ,521.0,520.0,0.395,1.0,submitted
2025-05-28T09:30:50.036827,IWM,206.0,205.0,0.25949999999999995,1.0,submitted
2025-05-28T09:32:55.748454,SPY,589.0,588.0,0.30999999999999994,1.0,submitted
2025-05-28T09:33:00.360087,QQQ,521.0,520.0,0.395,1.0,submitted
2025-05-28T09:33:04.125095,IWM,206.0,205.0,0.30999999999999994,1.0,submitted
2025-05-28T09:35:10.022641,SPY,589.0,588.0,0.3450000000000001,1.0,submitted
2025-05-28T09:35:14.196012,QQQ,521.0,520.0,0.42500000000000004,1.0,submitted
2025-05-28T09:35:18.169778,IWM,206.0,205.0,0.32,1.0,submitted
2025-05-28T09:37:24.010050,SPY,590.0,589.0,0.44999999999999984,1.0,submitted
2025-05-28T09:37:28.216470,QQQ,521.0,520.0,0.44499999999999984,1.0,submitted
2025-05-28T09:39:38.118564,SPY,590.0,589.0,0.44999999999999984,1.0,submitted
2025-05-28T09:39:42.757811,QQQ,521.0,520.0,0.4149999999999998,1.0,submitted
2025-05-28T09:41:52.293388,SPY,590.0,589.0,0.43999999999999995,1.0,submitted
2025-05-28T09:41:56.626739,QQQ,521.0,520.0,0.45499999999999985,1.0,submitted
2025-05-28T09:44:06.440430,SPY,590.0,589.0,0.4610000000000001,1.0,submitted
2025-05-28T09:44:10.790385,QQQ,521.0,520.0,0.3999999999999999,1.0,submitted
2025-05-28T09:46:35.761545,SPY,590.0,589.0,0.41049999999999986,1.0,submitted
2025-05-28T09:46:40.327738,QQQ,521.0,520.0,0.42500000000000027,1.0,submitted
2025-05-28T09:48:50.235410,SPY,590.0,589.0,0.43000000000000005,1.0,submitted
2025-05-28T09:48:54.534712,QQQ,521.0,520.0,0.4249999999999998,1.0,submitted
2025-05-28T09:51:05.625410,SPY,590.0,589.0,0.3805000000000003,1.0,submitted
2025-05-28T09:51:10.320633,QQQ,521.0,520.0,0.41500000000000004,1.0,submitted
2025-05-28T09:53:20.061303,SPY,589.0,588.0,0.30999999999999994,1.0,submitted
2025-05-28T09:53:24.258805,QQQ,520.0,519.0,0.345,1.0,submitted
2025-05-28T09:53:27.909877,IWM,206.0,205.0,0.33949999999999997,1.0,submitted
2025-05-28T09:55:34.273054,SPY,589.0,588.0,0.37,1.0,submitted
2025-05-28T09:55:38.778511,QQQ,521.0,520.0,0.40000000000000013,1.0,submitted
2025-05-28T09:55:42.611526,IWM,206.0,205.0,0.295,1.0,submitted
2025-05-28T09:57:49.124991,SPY,590.0,589.0,0.45999999999999996,1.0,submitted
2025-05-28T09:57:53.388792,QQQ,521.0,520.0,0.43000000000000016,1.0,submitted
2025-05-28T12:31:38.924340,SPY,589.0,588.0,0.38,1.0,submission_failed
2025-05-28T12:31:43.230853,QQQ,520.0,519.0,0.32499999999999996,1.0,submission_failed
2025-05-28T12:33:52.625965,SPY,589.0,588.0,0.37,1.0,submission_failed
2025-05-28T12:33:56.924880,QQQ,521.0,520.0,0.45500000000000007,1.0,submission_failed
2025-05-28T12:36:06.294984,SPY,589.0,588.0,0.41000000000000014,1.0,submission_failed
2025-05-28T12:36:10.851394,QQQ,520.0,519.0,0.3699999999999999,1.0,submission_failed
2025-05-28T12:38:20.553296,SPY,589.0,588.0,0.42000000000000015,1.0,submission_failed
2025-05-28T12:38:24.733255,QQQ,520.0,519.0,0.40500000000000014,1.0,submission_failed
2025-05-28T12:40:37.199949,SPY,588.0,587.0,0.30500000000000005,1.0,submission_failed
2025-05-28T12:40:56.886689,QQQ,520.0,519.0,0.43999999999999995,1.0,submission_failed
2025-05-28T12:43:22.100053,SPY,589.0,588.0,0.41000000000000014,1.0,submission_failed
2025-05-28T12:43:26.316169,QQQ,520.0,519.0,0.405,1.0,submission_failed
2025-05-28T12:45:35.523154,SPY,588.0,587.0,0.3205,1.0,submission_failed
2025-05-28T12:45:39.798873,QQQ,519.0,518.0,0.37,1.0,submission_failed
2025-05-28T12:47:48.830104,SPY,589.0,588.0,0.41000000000000003,1.0,submission_failed
2025-05-28T12:47:53.001558,QQQ,520.0,519.0,0.3599999999999999,1.0,submission_failed
2025-05-28T12:50:02.012975,SPY,588.0,587.0,0.30499999999999994,1.0,submission_failed
2025-05-28T12:50:06.271474,QQQ,520.0,519.0,0.4500000000000002,1.0,submission_failed
2025-05-28T12:52:15.397661,SPY,588.0,587.0,0.46499999999999986,1.0,submission_failed
2025-05-28T12:52:19.822815,QQQ,519.0,518.0,0.47550000000000003,1.0,submission_failed
2025-05-28T12:54:28.944740,SPY,587.0,586.0,0.39,1.0,submission_failed
2025-05-28T12:54:33.038797,QQQ,518.0,517.0,0.42500000000000004,1.0,submission_failed
2025-05-28T12:56:42.546453,SPY,588.0,587.0,0.43500000000000005,1.0,submission_failed
2025-05-28T12:56:46.960834,QQQ,519.0,518.0,0.45500000000000007,1.0,submission_failed
2025-05-28T12:58:56.101937,SPY,588.0,587.0,0.45499999999999996,1.0,submission_failed
2025-05-28T12:59:00.246274,QQQ,519.0,518.0,0.4099999999999999,1.0,submission_failed
